report_id,game_id,seed,block,rotation,tournament,matchup,player_count,seat,ai_id,ai_name,personality,won,rank,victory_points,score,completed_rounds,completed_player_turns,steps,dnf,starting_tech,final_tech_count,decisions,searched_decisions,fallback_decisions,nodes,decision_ms
2026-08-05-format-pilot,mirror-p2-b0-admiral,51000,0,0,mirror,admiral,2,1,admiral,Admiral,3,false,2,10,10.000401,14,29,179,0,stasis-beam,0,81,66,0,2647,394.04546398483217
2026-08-05-format-pilot,mirror-p2-b0-admiral,51000,0,0,mirror,admiral,2,2,admiral,Admiral,3,true,1,12,12.0101,14,29,179,0,orbital-teleporter,1,98,83,0,3522,414.35175300203264
2026-08-05-format-pilot,mirror-p2-b0-pirate,51000,0,0,mirror,pirate,2,1,pirate,Pirate,4,true,1,12,12.010000999999999,17,34,216,0,stasis-beam,1,99,81,0,3354,446.53240799717605
2026-08-05-format-pilot,mirror-p2-b0-pirate,51000,0,0,mirror,pirate,2,2,pirate,Pirate,4,false,2,10,10.0201,17,34,216,0,orbital-teleporter,2,117,100,0,4338,551.9327579922974
2026-08-05-format-pilot,mirror-p2-b0-simple,51000,0,0,mirror,simple,2,1,simple,Simple,1,false,2,11,11.090205,41,83,458,0,stasis-beam,9,224,0,0,0,3.311875980347395
2026-08-05-format-pilot,mirror-p2-b0-simple,51000,0,0,mirror,simple,2,2,simple,Simple,1,true,1,13,13.1005,41,83,458,0,orbital-teleporter,10,234,0,0,0,3.015165016055107
2026-08-05-format-pilot,mirror-p2-b0-spacer,51000,0,0,mirror,spacer,2,1,spacer,Spacer,2,false,2,11,11.020202,16,33,221,0,stasis-beam,2,95,78,1,3654,530.0950859989971
2026-08-05-format-pilot,mirror-p2-b0-spacer,51000,0,0,mirror,spacer,2,2,spacer,Spacer,2,true,1,12,12.020000999999999,16,33,221,0,orbital-teleporter,2,126,109,0,4687,713.0798709932715
2026-08-05-format-pilot,mirror-p3-b0-admiral,51000,0,0,mirror,admiral,3,1,admiral,Admiral,3,false,3,8,8.010000999999999,14,43,242,0,stasis-beam,1,71,56,0,2678,172.42408999800682
2026-08-05-format-pilot,mirror-p3-b0-admiral,51000,0,0,mirror,admiral,3,2,admiral,Admiral,3,true,1,9,9.0102,14,43,242,0,orbital-teleporter,1,97,82,0,4170,262.61937599629164
2026-08-05-format-pilot,mirror-p3-b0-admiral,51000,0,0,mirror,admiral,3,3,admiral,Admiral,3,false,2,9,9.010003,14,43,242,0,polarity-device,1,74,60,0,2582,160.05345700122416
2026-08-05-format-pilot,mirror-p3-b0-pirate,51000,0,0,mirror,pirate,3,1,pirate,Pirate,4,false,3,7,7.000102,14,44,242,0,stasis-beam,0,74,59,0,2568,169.31696300208569
2026-08-05-format-pilot,mirror-p3-b0-pirate,51000,0,0,mirror,pirate,3,2,pirate,Pirate,4,false,2,7,7.010103999999999,14,44,242,0,orbital-teleporter,1,91,76,0,3133,185.6835800074041
2026-08-05-format-pilot,mirror-p3-b0-pirate,51000,0,0,mirror,pirate,3,3,pirate,Pirate,4,true,1,12,12.010003,14,44,242,0,polarity-device,1,77,62,0,3276,199.17495800741017
2026-08-05-format-pilot,mirror-p3-b0-simple,51000,0,0,mirror,simple,3,1,simple,Simple,1,false,3,8,8.030102,24,74,419,0,stasis-beam,3,122,0,0,0,1.686750015243888
2026-08-05-format-pilot,mirror-p3-b0-simple,51000,0,0,mirror,simple,3,2,simple,Simple,1,false,2,8,8.070300999999999,24,74,419,0,orbital-teleporter,7,163,0,0,0,2.186006000265479
2026-08-05-format-pilot,mirror-p3-b0-simple,51000,0,0,mirror,simple,3,3,simple,Simple,1,true,1,12,12.100102999999999,24,74,419,0,polarity-device,10,134,0,0,0,2.099694998934865
2026-08-05-format-pilot,mirror-p3-b0-spacer,51000,0,0,mirror,spacer,3,1,spacer,Spacer,2,false,2,8,8.0102,14,43,239,0,stasis-beam,1,76,61,0,3640,267.21329301036894
2026-08-05-format-pilot,mirror-p3-b0-spacer,51000,0,0,mirror,spacer,3,2,spacer,Spacer,2,true,1,11,11.02,14,43,239,0,orbital-teleporter,2,91,76,0,3550,233.68545799329877
2026-08-05-format-pilot,mirror-p3-b0-spacer,51000,0,0,mirror,spacer,3,3,spacer,Spacer,2,false,3,8,8.010000999999999,14,43,239,0,polarity-device,1,72,58,0,2495,209.21004300191998
2026-08-05-format-pilot,mirror-p4-b0-admiral,51000,0,0,mirror,admiral,4,1,admiral,Admiral,3,false,4,5,5.0102020000000005,14,57,306,0,stasis-beam,1,73,58,0,3173,264.74329600296915
2026-08-05-format-pilot,mirror-p4-b0-admiral,51000,0,0,mirror,admiral,4,2,admiral,Admiral,3,true,1,8,8.0102,14,57,306,0,orbital-teleporter,1,83,68,0,3377,240.255961002782
2026-08-05-format-pilot,mirror-p4-b0-admiral,51000,0,0,mirror,admiral,4,3,admiral,Admiral,3,false,3,6,6.020201,14,57,306,0,polarity-device,2,77,63,0,3006,234.59854101389647
2026-08-05-format-pilot,mirror-p4-b0-admiral,51000,0,0,mirror,admiral,4,4,admiral,Admiral,3,false,2,7,7.010103999999999,14,57,306,0,alien-monument,1,73,59,0,2004,197.67595599777997
2026-08-05-format-pilot,mirror-p4-b0-pirate,51000,0,0,mirror,pirate,4,1,pirate,Pirate,4,false,4,5,5.010001,14,58,301,0,stasis-beam,1,81,66,0,3357,251.27087200060487
2026-08-05-format-pilot,mirror-p4-b0-pirate,51000,0,0,mirror,pirate,4,2,pirate,Pirate,4,false,3,6,6.020099999999999,14,58,301,0,orbital-teleporter,2,86,71,0,3191,211.0800000037998
2026-08-05-format-pilot,mirror-p4-b0-pirate,51000,0,0,mirror,pirate,4,3,pirate,Pirate,4,true,1,9,9.01,14,58,301,0,polarity-device,1,70,55,0,2202,166.5430409964174
2026-08-05-format-pilot,mirror-p4-b0-pirate,51000,0,0,mirror,pirate,4,4,pirate,Pirate,4,false,2,8,8.020002999999999,14,58,301,0,alien-monument,2,64,50,0,2346,155.6075479928404
2026-08-05-format-pilot,mirror-p4-b0-simple,51000,0,0,mirror,simple,4,1,simple,Simple,1,false,4,4,4.0508,17,71,408,0,stasis-beam,5,100,0,0,0,1.347037985920906
2026-08-05-format-pilot,mirror-p4-b0-simple,51000,0,0,mirror,simple,4,2,simple,Simple,1,true,1,9,9.0807,17,71,408,0,orbital-teleporter,8,100,0,0,0,2.4501200076192617
2026-08-05-format-pilot,mirror-p4-b0-simple,51000,0,0,mirror,simple,4,3,simple,Simple,1,false,3,4,4.070304,17,71,408,0,polarity-device,7,104,0,0,0,1.9778350051492453
2026-08-05-format-pilot,mirror-p4-b0-simple,51000,0,0,mirror,simple,4,4,simple,Simple,1,false,2,9,9.020302,17,71,408,0,alien-monument,2,104,0,0,0,1.9035390075296164
2026-08-05-format-pilot,mirror-p4-b0-spacer,51000,0,0,mirror,spacer,4,1,spacer,Spacer,2,false,4,5,5.010203000000001,13,53,283,0,stasis-beam,1,66,52,0,2714,204.1767910066992
2026-08-05-format-pilot,mirror-p4-b0-spacer,51000,0,0,mirror,spacer,4,2,spacer,Spacer,2,true,1,8,8.020000999999999,13,53,283,0,orbital-teleporter,2,89,75,0,3844,283.79979500733316
2026-08-05-format-pilot,mirror-p4-b0-spacer,51000,0,0,mirror,spacer,4,3,spacer,Spacer,2,false,3,7,7.010001,13,53,283,0,polarity-device,1,62,49,0,2792,174.09995999373496
2026-08-05-format-pilot,mirror-p4-b0-spacer,51000,0,0,mirror,spacer,4,4,spacer,Spacer,2,false,2,8,8.010007,13,53,283,0,alien-monument,1,66,53,0,1821,139.864542003721
2026-08-05-format-pilot,mixed-p2-b0-madmiral-pirate-r0,51000,0,0,mixed,admiral+pirate,2,1,admiral,Admiral,3,true,1,11,11.000005,17,34,217,0,stasis-beam,0,95,77,0,2750,406.06245801597834
2026-08-05-format-pilot,mixed-p2-b0-madmiral-pirate-r0,51000,0,0,mixed,admiral+pirate,2,2,pirate,Pirate,4,false,2,10,10.020102,17,34,217,0,orbital-teleporter,2,122,105,0,4571,653.7882520072162
2026-08-05-format-pilot,mixed-p2-b0-madmiral-pirate-r1,51000,0,1,mixed,admiral+pirate,2,1,pirate,Pirate,4,false,2,9,9.010200999999999,17,35,216,0,stasis-beam,1,89,71,0,2563,492.4184170011431
2026-08-05-format-pilot,mixed-p2-b0-madmiral-pirate-r1,51000,0,1,mixed,admiral+pirate,2,2,admiral,Admiral,3,true,1,11,11.020002999999999,17,35,216,0,orbital-teleporter,2,127,109,0,5086,687.7865410093218
2026-08-05-format-pilot,mixed-p2-b0-msimple-admiral-r0,51000,0,0,mixed,simple+admiral,2,1,simple,Simple,1,false,2,3,3.0803000000000003,14,29,189,0,stasis-beam,8,82,0,0,0,7.799869013950229
2026-08-05-format-pilot,mixed-p2-b0-msimple-admiral-r0,51000,0,0,mixed,simple+admiral,2,2,admiral,Admiral,3,true,1,14,14.010302999999999,14,29,189,0,orbital-teleporter,1,107,92,0,5750,1312.2737070117146
2026-08-05-format-pilot,mixed-p2-b0-msimple-admiral-r1,51000,0,1,mixed,simple+admiral,2,1,admiral,Admiral,3,true,1,14,14.010002,17,34,196,0,stasis-beam,1,94,76,0,4015,1043.4305409863591
2026-08-05-format-pilot,mixed-p2-b0-msimple-admiral-r1,51000,0,1,mixed,simple+admiral,2,2,simple,Simple,1,false,2,4,4.1208,17,34,196,0,orbital-teleporter,12,102,0,0,0,4.090333994477987
2026-08-05-format-pilot,mixed-p2-b0-msimple-pirate-r0,51000,0,0,mixed,simple+pirate,2,1,simple,Simple,1,false,2,3,3.0803000000000003,14,29,189,0,stasis-beam,8,82,0,0,0,3.6920379996299744
2026-08-05-format-pilot,mixed-p2-b0-msimple-pirate-r0,51000,0,0,mixed,simple+pirate,2,2,pirate,Pirate,4,true,1,14,14.010302999999999,14,29,189,0,orbital-teleporter,1,107,92,0,5750,1337.951535999775
2026-08-05-format-pilot,mixed-p2-b0-msimple-pirate-r1,51000,0,1,mixed,simple+pirate,2,1,pirate,Pirate,4,true,1,15,15.010000999999999,17,34,197,0,stasis-beam,1,96,78,0,3404,917.1612889971584
2026-08-05-format-pilot,mixed-p2-b0-msimple-pirate-r1,51000,0,1,mixed,simple+pirate,2,2,simple,Simple,1,false,2,5,5.1208,17,34,197,0,orbital-teleporter,12,101,0,0,0,4.123124998062849
2026-08-05-format-pilot,mixed-p2-b0-msimple-spacer-r0,51000,0,0,mixed,simple+spacer,2,1,simple,Simple,1,false,2,3,3.1001040000000004,13,27,183,0,stasis-beam,10,78,0,0,0,8.434954011812806
2026-08-05-format-pilot,mixed-p2-b0-msimple-spacer-r0,51000,0,0,mixed,simple+spacer,2,2,spacer,Spacer,2,true,1,15,15.030000999999999,13,27,183,0,orbital-teleporter,3,105,91,1,4782,1137.7015009913594
2026-08-05-format-pilot,mixed-p2-b0-msimple-spacer-r1,51000,0,1,mixed,simple+spacer,2,1,spacer,Spacer,2,true,1,13,13.020102,19,38,217,0,stasis-beam,2,104,84,0,4217,1111.9093350041658
2026-08-05-format-pilot,mixed-p2-b0-msimple-spacer-r1,51000,0,1,mixed,simple+spacer,2,2,simple,Simple,1,false,2,9,9.120700999999999,19,38,217,0,orbital-teleporter,12,113,0,0,0,5.114157985895872
2026-08-05-format-pilot,mixed-p2-b0-mspacer-admiral-r0,51000,0,0,mixed,spacer+admiral,2,1,spacer,Spacer,2,false,2,10,10.000401,14,29,179,0,stasis-beam,0,81,66,0,2647,567.9415390118957
2026-08-05-format-pilot,mixed-p2-b0-mspacer-admiral-r0,51000,0,0,mixed,spacer+admiral,2,2,admiral,Admiral,3,true,1,12,12.0101,14,29,179,0,orbital-teleporter,1,98,83,0,3522,711.6134159956127
2026-08-05-format-pilot,mixed-p2-b0-mspacer-admiral-r1,51000,0,1,mixed,spacer+admiral,2,1,admiral,Admiral,3,true,1,12,12.010102,16,32,210,0,stasis-beam,1,92,75,0,3225,666.3311279900372
2026-08-05-format-pilot,mixed-p2-b0-mspacer-admiral-r1,51000,0,1,mixed,spacer+admiral,2,2,spacer,Spacer,2,false,2,11,11.02,16,32,210,0,orbital-teleporter,2,118,102,0,4197,840.2686260063201
2026-08-05-format-pilot,mixed-p2-b0-mspacer-pirate-r0,51000,0,0,mixed,spacer+pirate,2,1,spacer,Spacer,2,true,1,12,12.0201,19,38,234,0,stasis-beam,2,108,88,0,4166,622.9458749964833
2026-08-05-format-pilot,mixed-p2-b0-mspacer-pirate-r0,51000,0,0,mixed,spacer+pirate,2,2,pirate,Pirate,4,false,2,11,11.02,19,38,234,0,orbital-teleporter,2,126,107,0,4655,708.383083993569
2026-08-05-format-pilot,mixed-p2-b0-mspacer-pirate-r1,51000,0,1,mixed,spacer+pirate,2,1,pirate,Pirate,4,true,1,12,12.010004,17,34,221,0,stasis-beam,1,98,80,0,3149,393.5392960123718
2026-08-05-format-pilot,mixed-p2-b0-mspacer-pirate-r1,51000,0,1,mixed,spacer+pirate,2,2,spacer,Spacer,2,false,2,10,10.03,17,34,221,0,orbital-teleporter,3,123,106,0,4807,693.9752149879932
2026-08-05-format-pilot,mixed-p3-b0-msimple-admiral-pirate-r0,51000,0,0,mixed,simple+admiral+pirate,3,1,simple,Simple,1,false,3,6,6.0704,15,46,273,0,stasis-beam,7,84,0,0,0,8.0222969930619
2026-08-05-format-pilot,mixed-p3-b0-msimple-admiral-pirate-r0,51000,0,0,mixed,simple+admiral+pirate,3,2,admiral,Admiral,3,true,1,9,9.01,15,46,273,0,orbital-teleporter,1,106,90,0,4051,470.1694179940969
2026-08-05-format-pilot,mixed-p3-b0-msimple-admiral-pirate-r0,51000,0,0,mixed,simple+admiral+pirate,3,3,pirate,Pirate,4,false,2,8,8.020002,15,46,273,0,polarity-device,2,83,68,0,3250,461.77125099115074
2026-08-05-format-pilot,mixed-p3-b0-msimple-admiral-pirate-r1,51000,0,1,mixed,simple+admiral+pirate,3,1,admiral,Admiral,3,false,2,9,9.01,17,52,299,0,stasis-beam,1,95,77,0,4036,383.19087801128626
2026-08-05-format-pilot,mixed-p3-b0-msimple-admiral-pirate-r1,51000,0,1,mixed,simple+admiral+pirate,3,2,pirate,Pirate,4,true,1,9,9.020000999999999,17,52,299,0,orbital-teleporter,2,115,97,0,4436,379.7298329882324
2026-08-05-format-pilot,mixed-p3-b0-msimple-admiral-pirate-r1,51000,0,1,mixed,simple+admiral+pirate,3,3,simple,Simple,1,false,3,5,5.09,17,52,299,0,polarity-device,9,89,0,0,0,3.625623995438218
2026-08-05-format-pilot,mixed-p3-b0-msimple-admiral-pirate-r2,51000,0,2,mixed,simple+admiral+pirate,3,1,pirate,Pirate,4,true,1,10,10.000001,14,42,224,0,stasis-beam,0,78,63,0,3323,211.63612399995327
2026-08-05-format-pilot,mixed-p3-b0-msimple-admiral-pirate-r2,51000,0,2,mixed,simple+admiral+pirate,3,2,simple,Simple,1,false,2,6,6.070304,14,42,224,0,orbital-teleporter,7,73,0,0,0,1.0800019949674606
2026-08-05-format-pilot,mixed-p3-b0-msimple-admiral-pirate-r2,51000,0,2,mixed,simple+admiral+pirate,3,3,admiral,Admiral,3,false,3,5,5.020102,14,42,224,0,polarity-device,2,73,59,0,3221,186.6147910002619
2026-08-05-format-pilot,mixed-p3-b0-msimple-spacer-admiral-r0,51000,0,0,mixed,simple+spacer+admiral,3,1,simple,Simple,1,false,3,6,6.0703000000000005,15,47,281,0,stasis-beam,7,81,0,0,0,2.258245002478361
2026-08-05-format-pilot,mixed-p3-b0-msimple-spacer-admiral-r0,51000,0,0,mixed,simple+spacer+admiral,3,2,spacer,Spacer,2,false,2,7,7.0300080000000005,15,47,281,0,orbital-teleporter,3,106,90,0,5199,418.664545012638
2026-08-05-format-pilot,mixed-p3-b0-msimple-spacer-admiral-r0,51000,0,0,mixed,simple+spacer+admiral,3,3,admiral,Admiral,3,true,1,10,10.020000999999999,15,47,281,0,polarity-device,2,94,78,0,3982,349.025750009343
2026-08-05-format-pilot,mixed-p3-b0-msimple-spacer-admiral-r1,51000,0,1,mixed,simple+spacer+admiral,3,1,spacer,Spacer,2,false,3,5,5.0202,14,43,257,0,stasis-beam,2,80,65,0,4032,551.7460409924388
2026-08-05-format-pilot,mixed-p3-b0-msimple-spacer-admiral-r1,51000,0,1,mixed,simple+spacer+admiral,3,2,admiral,Admiral,3,true,1,11,11.010200999999999,14,43,257,0,orbital-teleporter,1,96,81,0,3917,413.37937399558723
2026-08-05-format-pilot,mixed-p3-b0-msimple-spacer-admiral-r1,51000,0,1,mixed,simple+spacer+admiral,3,3,simple,Simple,1,false,2,5,5.080503,14,43,257,0,polarity-device,8,81,0,0,0,1.8114160038530827
2026-08-05-format-pilot,mixed-p3-b0-msimple-spacer-admiral-r2,51000,0,2,mixed,simple+spacer+admiral,3,1,admiral,Admiral,3,false,2,9,9.0101,16,50,274,0,stasis-beam,1,86,69,0,4264,501.10453798249364
2026-08-05-format-pilot,mixed-p3-b0-msimple-spacer-admiral-r2,51000,0,2,mixed,simple+spacer+admiral,3,2,simple,Simple,1,false,3,8,8.120302999999998,16,50,274,0,orbital-teleporter,12,98,0,0,0,2.2639999967068434
2026-08-05-format-pilot,mixed-p3-b0-msimple-spacer-admiral-r2,51000,0,2,mixed,simple+spacer+admiral,3,3,spacer,Spacer,2,true,1,9,9.03,16,50,274,0,polarity-device,3,90,73,0,2924,359.3322059996426
2026-08-05-format-pilot,mixed-p3-b0-msimple-spacer-pirate-r0,51000,0,0,mixed,simple+spacer+pirate,3,1,simple,Simple,1,false,3,6,6.0704,15,46,273,0,stasis-beam,7,84,0,0,0,4.6645399909466505
2026-08-05-format-pilot,mixed-p3-b0-msimple-spacer-pirate-r0,51000,0,0,mixed,simple+spacer+pirate,3,2,spacer,Spacer,2,true,1,9,9.01,15,46,273,0,orbital-teleporter,1,106,90,0,4051,422.14517401345074
2026-08-05-format-pilot,mixed-p3-b0-msimple-spacer-pirate-r0,51000,0,0,mixed,simple+spacer+pirate,3,3,pirate,Pirate,4,false,2,8,8.020002,15,46,273,0,polarity-device,2,83,68,0,3250,321.85795900039375
2026-08-05-format-pilot,mixed-p3-b0-msimple-spacer-pirate-r1,51000,0,1,mixed,simple+spacer+pirate,3,1,spacer,Spacer,2,false,3,6,6.030202000000001,16,49,282,0,stasis-beam,3,86,69,0,4615,696.1221760045737
2026-08-05-format-pilot,mixed-p3-b0-msimple-spacer-pirate-r1,51000,0,1,mixed,simple+spacer+pirate,3,2,pirate,Pirate,4,true,1,9,9.0301,16,49,282,0,orbital-teleporter,3,115,98,0,4903,773.5770839918405
2026-08-05-format-pilot,mixed-p3-b0-msimple-spacer-pirate-r1,51000,0,1,mixed,simple+spacer+pirate,3,3,simple,Simple,1,false,2,6,6.090104999999999,16,49,282,0,polarity-device,9,81,0,0,0,1.6297510042786598
2026-08-05-format-pilot,mixed-p3-b0-msimple-spacer-pirate-r2,51000,0,2,mixed,simple+spacer+pirate,3,1,pirate,Pirate,4,true,1,12,12.01,12,36,195,0,stasis-beam,1,71,58,0,3307,405.75545599870384
2026-08-05-format-pilot,mixed-p3-b0-msimple-spacer-pirate-r2,51000,0,2,mixed,simple+spacer+pirate,3,2,simple,Simple,1,false,2,5,5.090203000000001,12,36,195,0,orbital-teleporter,9,69,0,0,0,1.5447100047022104
2026-08-05-format-pilot,mixed-p3-b0-msimple-spacer-pirate-r2,51000,0,2,mixed,simple+spacer+pirate,3,3,spacer,Spacer,2,false,3,5,5.0102,12,36,195,0,polarity-device,1,55,43,0,2043,242.3258780054748
2026-08-05-format-pilot,mixed-p3-b0-mspacer-admiral-pirate-r0,51000,0,0,mixed,spacer+admiral+pirate,3,1,spacer,Spacer,2,false,3,7,7.010001,14,43,221,0,stasis-beam,1,70,55,0,2811,188.34217000193894
2026-08-05-format-pilot,mixed-p3-b0-mspacer-admiral-pirate-r0,51000,0,0,mixed,spacer+admiral+pirate,3,2,admiral,Admiral,3,true,1,8,8.01,14,43,221,0,orbital-teleporter,1,88,73,0,3320,204.94895800948143
2026-08-05-format-pilot,mixed-p3-b0-mspacer-admiral-pirate-r0,51000,0,0,mixed,spacer+admiral+pirate,3,3,pirate,Pirate,4,false,2,7,7.010002,14,43,221,0,polarity-device,1,63,49,0,1979,132.9830400068313
2026-08-05-format-pilot,mixed-p3-b0-mspacer-admiral-pirate-r1,51000,0,1,mixed,spacer+admiral+pirate,3,1,admiral,Admiral,3,false,3,6,6.020305,15,46,253,0,stasis-beam,2,84,68,0,4122,306.68912900052965
2026-08-05-format-pilot,mixed-p3-b0-mspacer-admiral-pirate-r1,51000,0,1,mixed,spacer+admiral+pirate,3,2,pirate,Pirate,4,false,2,9,9.010004,15,46,253,0,orbital-teleporter,1,96,80,1,3847,252.40649998933077
2026-08-05-format-pilot,mixed-p3-b0-mspacer-admiral-pirate-r1,51000,0,1,mixed,spacer+admiral+pirate,3,3,spacer,Spacer,2,true,1,9,9.010100999999999,15,46,253,0,polarity-device,1,73,58,0,2586,173.12254398688674
2026-08-05-format-pilot,mixed-p3-b0-mspacer-admiral-pirate-r2,51000,0,2,mixed,spacer+admiral+pirate,3,1,pirate,Pirate,4,false,3,8,8.000102,15,46,255,0,stasis-beam,0,77,61,0,2573,176.91983899660408
2026-08-05-format-pilot,mixed-p3-b0-mspacer-admiral-pirate-r2,51000,0,2,mixed,spacer+admiral+pirate,3,2,spacer,Spacer,2,true,1,8,8.02,15,46,255,0,orbital-teleporter,2,106,90,0,3944,275.63520299457014
2026-08-05-format-pilot,mixed-p3-b0-mspacer-admiral-pirate-r2,51000,0,2,mixed,spacer+admiral+pirate,3,3,admiral,Admiral,3,false,2,8,8.010302,15,46,255,0,polarity-device,1,72,57,0,2550,159.09803600795567
2026-08-05-format-pilot,mixed-p4-b0-msimple-spacer-admiral-pirate-r0,51000,0,0,mixed,simple+spacer+admiral+pirate,4,1,simple,Simple,1,false,4,2,2.080003,12,50,277,0,stasis-beam,8,73,0,0,0,1.153914000838995
2026-08-05-format-pilot,mixed-p4-b0-msimple-spacer-admiral-pirate-r0,51000,0,0,mixed,simple+spacer+admiral+pirate,4,2,spacer,Spacer,2,false,2,7,7.020103999999999,12,50,277,0,orbital-teleporter,2,80,67,0,3745,256.25008399039507
2026-08-05-format-pilot,mixed-p4-b0-msimple-spacer-admiral-pirate-r0,51000,0,0,mixed,simple+spacer+admiral+pirate,4,3,admiral,Admiral,3,true,1,11,11.010002,12,50,277,0,polarity-device,1,69,56,0,2391,201.65704799816012
2026-08-05-format-pilot,mixed-p4-b0-msimple-spacer-admiral-pirate-r0,51000,0,0,mixed,simple+spacer+admiral+pirate,4,4,pirate,Pirate,4,false,3,4,4.0100039999999995,12,50,277,0,alien-monument,1,55,43,0,1615,139.32983201555908
2026-08-05-format-pilot,mixed-p4-b0-msimple-spacer-admiral-pirate-r1,51000,0,1,mixed,simple+spacer+admiral+pirate,4,1,spacer,Spacer,2,false,3,5,5.010001,13,54,298,0,stasis-beam,1,72,58,0,3310,268.5028729997575
2026-08-05-format-pilot,mixed-p4-b0-msimple-spacer-admiral-pirate-r1,51000,0,1,mixed,simple+spacer+admiral+pirate,4,2,admiral,Admiral,3,false,2,6,6.010301,13,54,298,0,orbital-teleporter,1,75,61,0,2218,157.43679199181497
2026-08-05-format-pilot,mixed-p4-b0-msimple-spacer-admiral-pirate-r1,51000,0,1,mixed,simple+spacer+admiral+pirate,4,3,pirate,Pirate,4,true,1,6,6.020001,13,54,298,0,polarity-device,2,82,68,0,3330,239.3294150084257
2026-08-05-format-pilot,mixed-p4-b0-msimple-spacer-admiral-pirate-r1,51000,0,1,mixed,simple+spacer+admiral+pirate,4,4,simple,Simple,1,false,4,4,4.060004999999999,13,54,298,0,alien-monument,6,69,0,0,0,1.525712002068758
2026-08-05-format-pilot,mixed-p4-b0-msimple-spacer-admiral-pirate-r2,51000,0,2,mixed,simple+spacer+admiral+pirate,4,1,admiral,Admiral,3,true,1,8,8.000001,14,56,304,0,stasis-beam,0,73,58,0,2414,208.22754000127316
2026-08-05-format-pilot,mixed-p4-b0-msimple-spacer-admiral-pirate-r2,51000,0,2,mixed,simple+spacer+admiral+pirate,4,2,pirate,Pirate,4,false,3,7,7.020001,14,56,304,0,orbital-teleporter,2,82,68,0,2748,186.50637500546873
2026-08-05-format-pilot,mixed-p4-b0-msimple-spacer-admiral-pirate-r2,51000,0,2,mixed,simple+spacer+admiral+pirate,4,3,simple,Simple,1,false,4,4,4.1002030000000005,14,56,304,0,polarity-device,10,73,0,0,0,1.1649169996380806
2026-08-05-format-pilot,mixed-p4-b0-msimple-spacer-admiral-pirate-r2,51000,0,2,mixed,simple+spacer+admiral+pirate,4,4,spacer,Spacer,2,false,2,7,7.0201009999999995,14,56,304,0,alien-monument,2,76,62,0,2922,201.6678779963404
2026-08-05-format-pilot,mixed-p4-b0-msimple-spacer-admiral-pirate-r3,51000,0,3,mixed,simple+spacer+admiral+pirate,4,1,pirate,Pirate,4,false,3,7,7.0100999999999996,15,60,318,0,stasis-beam,1,87,71,1,3157,298.4477069918066
2026-08-05-format-pilot,mixed-p4-b0-msimple-spacer-admiral-pirate-r3,51000,0,3,mixed,simple+spacer+admiral+pirate,4,2,simple,Simple,1,true,1,7,7.100003999999999,15,60,318,0,orbital-teleporter,10,84,0,0,0,1.3884940054267645
2026-08-05-format-pilot,mixed-p4-b0-msimple-spacer-admiral-pirate-r3,51000,0,3,mixed,simple+spacer+admiral+pirate,4,3,spacer,Spacer,2,false,2,7,7.020099999999999,15,60,318,0,polarity-device,2,79,64,0,2811,225.7358379997313
2026-08-05-format-pilot,mixed-p4-b0-msimple-spacer-admiral-pirate-r3,51000,0,3,mixed,simple+spacer+admiral+pirate,4,4,admiral,Admiral,3,false,4,6,6.01,15,60,318,0,alien-monument,1,68,53,0,1845,136.01795701496303
